web_site_name,web_session_id,page_view_sequence_number,page_type,page_title
ambrosewilson.com,1903633449,1,Sign In Page,Ambrose Wilson
ambrosewilson.com,1903633449,29,Navigation Page,On Sale
ambrosewilson.com,1903633449,3,Navigation Page,On Sale
ambrosewilson.com,1903633449,6,Order Tracking,My Account
ambrosewilson.com,1903633449,7,Navigation Page,Floorcare
ambrosewilson.com,1903633449,15,Product Detail Page,Red Marl Roll Sleeve T-Shirt
ambrosewilson.com,1903633449,16,Navigation Page,On Sale
ambrosewilson.com,1903633449,17,Product Detail Page,Ink V-Neck T-shirt Long
ambrosewilson.com,1903633449,8,Navigation Page,Floorcare
ambrosewilson.com,1903633449,11,Navigation Page,Floorcare
ambrosewilson.com,1903633449,12,Order Tracking,My Account
ambrosewilson.com,1903633449,13,Navigation Page,On Sale
ambrosewilson.com,1903633449,14,Navigation Page,On Sale
ambrosewilson.com,1903633520,3,ViewBag,Checkout
ambrosewilson.com,1903633520,4,ViewBag,Checkout
ambrosewilson.com,1903633449,4,Product Detail Page,Black Bow Clip Fascinator
ambrosewilson.com,1903633449,5,Navigation Page,On Sale
ambrosewilson.com,1903633449,20,Navigation Page,On Sale
ambrosewilson.com,1903633449,21,Product Detail Page,Teal Pocket Crew T-Shirt Long
ambrosewilson.com,1903633449,24,Navigation Page,On Sale
ambrosewilson.com,1903633449,9,Product Detail Page,Vax Gator 10.8V Handheld Vacuum Cleaner
ambrosewilson.com,1903633449,10,Navigation Page,Floorcare
ambrosewilson.com,1903633449,25,Navigation Page,On Sale
ambrosewilson.com,1903633449,26,Product Detail Page,Black Fine Stripe Short Sleeve Polo Long
ambrosewilson.com,1903633449,22,Navigation Page,On Sale
ambrosewilson.com,1903633449,23,Product Detail Page,Capsule Pack of Two T-Shirts
ambrosewilson.com,1903633449,27,Navigation Page,On Sale
ambrosewilson.com,1903633449,28,Product Detail Page,Slim Coated Black Jeans 33 in
ambrosewilson.com,1903633449,2,Order Tracking,My Account
ambrosewilson.com,1903633449,18,Navigation Page,On Sale
ambrosewilson.com,1903633449,19,Product Detail Page,Navy Marl Roll Sleeve T-Shirt
ambrosewilson.com,1903633520,1,Home Page,Ambrose Wilson
ambrosewilson.com,1903633520,2,Product Detail Page,Tailored Tapered Trousers Regular
ambrosewilson.com,1903633457,1,Navigation Page,New In
ambrosewilson.com,1903633520,5,ViewBag,Checkout